{"cameraMode":{"drawMode":0,"name":"Shaded","section":"Shading Mode"},"sceneLighting":false,"audioPlay":false,"sceneViewState":{"showFog":true,"showMaterialUpdate":false,"showSkybox":false,"showFlares":true,"showImageEffects":true,"showParticleSystems":true},"in2DMode":false,"pivot":{"x":290.90087890625,"y":133.51388549804688,"z":-12.765625},"rotation":{"x":2.907813367869494e-8,"y":-0.0177029799669981,"z":-4.2605186933997177e-8,"w":-0.9998436570167542},"size":56.33292007446289,"orthographic":true}