{"cameraMode":{"drawMode":0,"name":"Shaded","section":"Shading Mode"},"sceneLighting":false,"audioPlay":false,"sceneViewState":{"showFog":true,"showMaterialUpdate":false,"showSkybox":false,"showFlares":true,"showImageEffects":true,"showParticleSystems":true},"in2DMode":false,"pivot":{"x":281.95501708984377,"y":79.36087036132813,"z":0.277374267578125},"rotation":{"x":0.011999526061117649,"y":-0.004203435964882374,"z":0.00005041897020419128,"w":0.9999191761016846},"size":122.88802337646485,"orthographic":false}