{"cameraMode":{"drawMode":0,"name":"Shaded","section":"Shading Mode"},"sceneLighting":false,"audioPlay":false,"sceneViewState":{"showFog":true,"showMaterialUpdate":false,"showSkybox":false,"showFlares":true,"showImageEffects":true,"showParticleSystems":true},"in2DMode":false,"pivot":{"x":376.29998779296877,"y":137.45001220703126,"z":0.0},"rotation":{"x":-0.020998097956180574,"y":-0.005702612455934286,"z":0.00011973077926086262,"w":-0.9997636079788208},"size":436.6761779785156,"orthographic":false}